Model,Accuracy,Precision,Recall,F1,AUC
kNN,0.80858333333333321,0.84648928848928828,0.81583333333333341,0.81977970567444236,0.88648430286241919
Linear SVC,0.80652941176470572,0.83991497391497361,0.83083333333333342,0.82328441012032316,0.89629501385041532
Decision Tree,0.73461764705882349,0.78508619158619142,0.77861111111111148,0.74582956142883472,0.73135964912280704
Gaussian Naive Bayes,0.55065196078431389,0.79083333333333328,0.19527777777777777,0.29504834054834045,0.88610918744228995
Logistic Regression,0.80880882352941186,0.83962709512709499,0.83750000000000002,0.82636318549012022,0.8953139427516158
SVC (RBF Kernel),0.81788235294117628,0.82598507048507019,0.87222222222222223,0.84028888397464196,0.89554478301015628
Random Forest,0.77254901960784284,0.84309784659784615,0.76805555555555571,0.79081237325065512,0.87586565096952906
Multinomial Naive Bayes,0.7822941176470587,0.79104267954267948,0.83555555555555572,0.80641930807410678,0.85018467220683158
